sector,mae_t+1,rmse_t+1,mape_t+1,r2_t+1,n_backtest_steps
NIFTY IT_cleaned,266.8891176913934,438.7724727002527,1.9210270446771756,0.9985054936196898,4535
