sector,mae_t+1,rmse_t+1,mape_t+1,r2_t+1,n_backtest_steps
NIFTY PSU BANK_cleaned,54.41696527335136,77.07858702950402,1.7026163240619163,0.9965648743276936,4535
