sector,MAE_t+1,RMSE_t+1,MAPE_t+1,SMAPE_t+1,R2_t+1,DirectionalAcc,n_backtest_steps
NIFTY IT_cleaned,265.1749507656866,383.1906003502006,2.4876343222025787,2.4299944023786546,0.9988603391426113,0.4990146704620101,4568
