sector,MAE_t+1,RMSE_t+1,MAPE_t+1,SMAPE_t+1,R2_t+1,DirectionalAcc,n_backtest_steps
NIFTY FMCG_cleaned,385.0525477335541,489.3076466807497,1.9320336580620874,1.9051829682017514,0.9990399709294716,0.5016422158966499,4568
