sector,mae_t+1,rmse_t+1,mape_t+1,r2_t+1,n_backtest_steps
NIFTY FMCG_cleaned,379.4611446561466,548.8666167545379,1.944339545346065,0.9987849130126173,4535
