sector,mae_t+1,rmse_t+1,mape_t+1,r2_t+1,n_backtest_steps
NIFTY MEDIA_cleaned,28.655107579072492,39.65940640179223,1.5251073497393048,0.9951758824223176,4535
