sector,MAE_t+1,RMSE_t+1,MAPE_t+1,SMAPE_t+1,R2_t+1,DirectionalAcc,n_backtest_steps
NIFTY PSU BANK_cleaned,78.13005516573347,99.56406916066743,2.546178315507579,2.5036378599902362,0.9943221815648879,0.5241953142106416,4568
