sector,MAE_t+1,RMSE_t+1,MAPE_t+1,SMAPE_t+1,R2_t+1,DirectionalAcc,n_backtest_steps
NIFTY CONSUMER DURABLES_cleaned,214.75757446930405,322.22657209268453,2.647325741421064,2.707903743119215,0.9991497315232454,0.5314210641559011,4568
