sector,MAE_t+1,RMSE_t+1,MAPE_t+1,SMAPE_t+1,R2_t+1,DirectionalAcc,n_backtest_steps
NIFTY PRIVATE BANK_cleaned,154.61907726601834,218.34318923355914,1.690178900329215,1.6899793860691201,0.9991371726090466,0.5195971097000219,4568
