sector,MAE_t+1,RMSE_t+1,MAPE_t+1,SMAPE_t+1,R2_t+1,DirectionalAcc,n_backtest_steps
NIFTY REALTY_cleaned,13.936091912264585,19.600689092419827,3.612387107470506,3.689130708586162,0.9958468223368893,0.5379899277425005,4568
