sector,mae_t+1,rmse_t+1,mape_t+1,r2_t+1,n_backtest_steps
NIFTY 50_cleaned,139.8216877196458,205.36286463167903,1.5373860316400079,0.9988154188432541,4535
