sector,mae_t+1,rmse_t+1,mape_t+1,r2_t+1,n_backtest_steps
NIFTY REALTY_cleaned,9.693259285284377,19.898559212464733,2.1106955295466165,0.9957039521726112,4535
