sector,MAE_t+1,RMSE_t+1,MAPE_t+1,SMAPE_t+1,R2_t+1,DirectionalAcc,n_backtest_steps
NIFTY 50_cleaned,106.9506240978341,153.36837809332133,1.2263632513367646,1.2168918897476415,0.9993423581035067,0.5301072914385812,4568
