sector,MAE_t+1,RMSE_t+1,MAPE_t+1,SMAPE_t+1,R2_t+1,DirectionalAcc,n_backtest_steps
NIFTY CHEMICALS_cleaned,132.00834614768755,228.65691064097248,1.8737958173503027,1.842411816954034,0.9993536637228196,0.5495949200788264,4568
