sector,MAE_t+1,RMSE_t+1,MAPE_t+1,SMAPE_t+1,R2_t+1,DirectionalAcc,n_backtest_steps
NIFTY AUTO_cleaned,292.3379708568353,390.3237111710197,3.4993975539869293,3.4340989787669245,0.9954855598360817,0.5281366323626012,4568
