sector,mae_t+1,rmse_t+1,mape_t+1,r2_t+1,n_backtest_steps
NIFTY PHARMA_cleaned,120.54147463306231,175.84972156716685,1.4534088851189615,0.9988103333476832,4535
