sector,mae_t+1,rmse_t+1,mape_t+1,r2_t+1,n_backtest_steps
NIFTY CHEMICALS_cleaned,172.7959961411246,303.82833890873525,2.2857457097343783,0.9988568236542736,4535
