sector,mae_t+1,rmse_t+1,mape_t+1,r2_t+1,n_backtest_steps
NIFTY CONSUMER DURABLES_cleaned,225.86606926164552,370.2100427892913,2.3225584969777033,0.9988751267093048,4535
