sector,mae_t+1,rmse_t+1,mape_t+1,r2_t+1,n_backtest_steps
NIFTY BANK_cleaned,343.9586742437293,491.4637429557461,1.9671937022474435,0.9987665594143715,4535
