sector,mae_t+1,rmse_t+1,mape_t+1,r2_t+1,n_backtest_steps
NIFTY FINANCIAL SERVICES_cleaned,163.03102760646362,238.31581699364358,2.109393496980364,0.9987020115854344,4535
