sector,mae_t+1,rmse_t+1,mape_t+1,r2_t+1,n_backtest_steps
NIFTY PRIVATE BANK_cleaned,178.3486150814843,261.21678456455555,2.1699126154870108,0.9987571456446743,4535
