sector,MAE_t+1,RMSE_t+1,MAPE_t+1,SMAPE_t+1,R2_t+1,DirectionalAcc,n_backtest_steps
NIFTY FINANCIAL SERVICES_cleaned,128.2087993583078,184.68167414910337,1.7416578981843223,1.7172437951093114,0.999225099573383,0.527260783884388,4568
