sector,MAE_t+1,RMSE_t+1,MAPE_t+1,SMAPE_t+1,R2_t+1,DirectionalAcc,n_backtest_steps
NIFTY BANK_cleaned,304.99217630843987,421.2225791439462,1.8751226471442082,1.845267053573551,0.999099748024294,0.5187212612218086,4568
