sector,MAE_t+1,RMSE_t+1,MAPE_t+1,SMAPE_t+1,R2_t+1,DirectionalAcc,n_backtest_steps
NIFTY PHARMA_cleaned,135.25774554838853,236.65842742221528,1.2802014205030927,1.2867470781135486,0.9978635867427178,0.5178454127435954,4568
