sector,MAE_t+1,RMSE_t+1,MAPE_t+1,SMAPE_t+1,R2_t+1,DirectionalAcc,n_backtest_steps
NIFTY METAL_cleaned,66.38842275642892,97.81001292781497,1.773215327387471,1.7551295876868145,0.9976536902405593,0.5244142763301949,4568
