sector,mae_t+1,rmse_t+1,mape_t+1,r2_t+1,n_backtest_steps
NIFTY METAL_cleaned,60.17675034884923,91.44724742663969,1.5844773318484484,0.9979430568866376,4535
