sector,mae_t+1,rmse_t+1,mape_t+1,r2_t+1,n_backtest_steps
NIFTY AUTO_cleaned,144.16520556694456,224.84275211557548,2.0439723633674296,0.9984937920611977,4535
