sector,MAE_t+1,RMSE_t+1,MAPE_t+1,SMAPE_t+1,R2_t+1,DirectionalAcc,n_backtest_steps
NIFTY MEDIA_cleaned,27.587150142956965,37.68657039165213,1.4615801129654384,1.4641077566892151,0.9956140871012356,0.5301072914385812,4568
